id,workload,iteration,metric,value,units
1,gmail,1,Create_newMail_start,1465568300035,ms
1,gmail,1,Create_newMail_finish,1465568301419,ms
1,gmail,1,Create_newMail_duration,1384,ms
1,gmail,1,Create_To_start,1465568302681,ms
1,gmail,1,Create_To_finish,1465568306752,ms
1,gmail,1,Create_To_duration,4071,ms
1,gmail,1,Create_Subject_start,1465568306763,ms
1,gmail,1,Create_Subject_finish,1465568311854,ms
1,gmail,1,Create_Subject_duration,5091,ms
1,gmail,1,Create_Compose_start,1465568312446,ms
1,gmail,1,Create_Compose_finish,1465568315726,ms
1,gmail,1,Create_Compose_duration,3280,ms
1,gmail,1,AttachFiles_1_jpg_start,1465568315812,ms
1,gmail,1,AttachFiles_1_jpg_finish,1465568323953,ms
1,gmail,1,AttachFiles_1_jpg_duration,8141,ms
1,gmail,1,AttachFiles_2_jpg_start,1465568324003,ms
1,gmail,1,AttachFiles_2_jpg_finish,1465568327580,ms
1,gmail,1,AttachFiles_2_jpg_duration,3577,ms
1,gmail,1,AttachFiles_3_jpg_start,1465568327629,ms
1,gmail,1,AttachFiles_3_jpg_finish,1465568331395,ms
1,gmail,1,AttachFiles_3_jpg_duration,3766,ms
1,gmail,1,AttachFiles_4_jpg_start,1465568331438,ms
1,gmail,1,AttachFiles_4_jpg_finish,1465568334873,ms
1,gmail,1,AttachFiles_4_jpg_duration,3435,ms
1,gmail,1,AttachFiles_5_jpg_start,1465568334949,ms
1,gmail,1,AttachFiles_5_jpg_finish,1465568338440,ms
1,gmail,1,AttachFiles_5_jpg_duration,3491,ms
1,gmail,1,Create_Send_start,1465568338451,ms
1,gmail,1,Create_Send_finish,1465568338933,ms
1,gmail,1,Create_Send_duration,482,ms
1,gmail,1,execution_time,55.0480558872,seconds
1,gmail,2,Create_newMail_start,1465568426592,ms
1,gmail,2,Create_newMail_finish,1465568427565,ms
1,gmail,2,Create_newMail_duration,973,ms
1,gmail,2,Create_To_start,1465568428480,ms
1,gmail,2,Create_To_finish,1465568432375,ms
1,gmail,2,Create_To_duration,3895,ms
1,gmail,2,Create_Subject_start,1465568432405,ms
1,gmail,2,Create_Subject_finish,1465568437232,ms
1,gmail,2,Create_Subject_duration,4827,ms
1,gmail,2,Create_Compose_start,1465568437818,ms
1,gmail,2,Create_Compose_finish,1465568441141,ms
1,gmail,2,Create_Compose_duration,3323,ms
1,gmail,2,AttachFiles_1_jpg_start,1465568441856,ms
1,gmail,2,AttachFiles_1_jpg_finish,1465568446851,ms
1,gmail,2,AttachFiles_1_jpg_duration,4995,ms
1,gmail,2,AttachFiles_2_jpg_start,1465568446896,ms
1,gmail,2,AttachFiles_2_jpg_finish,1465568450702,ms
1,gmail,2,AttachFiles_2_jpg_duration,3806,ms
1,gmail,2,AttachFiles_3_jpg_start,1465568450749,ms
1,gmail,2,AttachFiles_3_jpg_finish,1465568454564,ms
1,gmail,2,AttachFiles_3_jpg_duration,3815,ms
1,gmail,2,AttachFiles_4_jpg_start,1465568454669,ms
1,gmail,2,AttachFiles_4_jpg_finish,1465568458381,ms
1,gmail,2,AttachFiles_4_jpg_duration,3712,ms
1,gmail,2,AttachFiles_5_jpg_start,1465568458425,ms
1,gmail,2,AttachFiles_5_jpg_finish,1465568462379,ms
1,gmail,2,AttachFiles_5_jpg_duration,3954,ms
1,gmail,2,Create_Send_start,1465568462386,ms
1,gmail,2,Create_Send_finish,1465568463046,ms
1,gmail,2,Create_Send_duration,660,ms
1,gmail,2,execution_time,51.3191480637,seconds
1,gmail,3,Create_newMail_start,1465568543578,ms
1,gmail,3,Create_newMail_finish,1465568544586,ms
1,gmail,3,Create_newMail_duration,1008,ms
1,gmail,3,Create_To_start,1465568545518,ms
1,gmail,3,Create_To_finish,1465568549396,ms
1,gmail,3,Create_To_duration,3878,ms
1,gmail,3,Create_Subject_start,1465568549425,ms
1,gmail,3,Create_Subject_finish,1465568554370,ms
1,gmail,3,Create_Subject_duration,4945,ms
1,gmail,3,Create_Compose_start,1465568554965,ms
1,gmail,3,Create_Compose_finish,1465568558291,ms
1,gmail,3,Create_Compose_duration,3326,ms
1,gmail,3,AttachFiles_1_jpg_start,1465568558964,ms
1,gmail,3,AttachFiles_1_jpg_finish,1465568566283,ms
1,gmail,3,AttachFiles_1_jpg_duration,7319,ms
1,gmail,3,AttachFiles_2_jpg_start,1465568566402,ms
1,gmail,3,AttachFiles_2_jpg_finish,1465568569917,ms
1,gmail,3,AttachFiles_2_jpg_duration,3515,ms
1,gmail,3,AttachFiles_3_jpg_start,1465568569959,ms
1,gmail,3,AttachFiles_3_jpg_finish,1465568573696,ms
1,gmail,3,AttachFiles_3_jpg_duration,3737,ms
1,gmail,3,AttachFiles_4_jpg_start,1465568573746,ms
1,gmail,3,AttachFiles_4_jpg_finish,1465568577529,ms
1,gmail,3,AttachFiles_4_jpg_duration,3783,ms
1,gmail,3,AttachFiles_5_jpg_start,1465568577623,ms
1,gmail,3,AttachFiles_5_jpg_finish,1465568581306,ms
1,gmail,3,AttachFiles_5_jpg_duration,3683,ms
1,gmail,3,Create_Send_start,1465568581324,ms
1,gmail,3,Create_Send_finish,1465568581830,ms
1,gmail,3,Create_Send_duration,506,ms
1,gmail,3,execution_time,50.0643701553,seconds
1,gmail,4,Create_newMail_start,1465568661876,ms
1,gmail,4,Create_newMail_finish,1465568662950,ms
1,gmail,4,Create_newMail_duration,1074,ms
1,gmail,4,Create_To_start,1465568663895,ms
1,gmail,4,Create_To_finish,1465568667740,ms
1,gmail,4,Create_To_duration,3845,ms
1,gmail,4,Create_Subject_start,1465568667763,ms
1,gmail,4,Create_Subject_finish,1465568672696,ms
1,gmail,4,Create_Subject_duration,4933,ms
1,gmail,4,Create_Compose_start,1465568673283,ms
1,gmail,4,Create_Compose_finish,1465568676664,ms
1,gmail,4,Create_Compose_duration,3381,ms
1,gmail,4,AttachFiles_1_jpg_start,1465568677420,ms
1,gmail,4,AttachFiles_1_jpg_finish,1465568684697,ms
1,gmail,4,AttachFiles_1_jpg_duration,7277,ms
1,gmail,4,AttachFiles_2_jpg_start,1465568684780,ms
1,gmail,4,AttachFiles_2_jpg_finish,1465568688360,ms
1,gmail,4,AttachFiles_2_jpg_duration,3580,ms
1,gmail,4,AttachFiles_3_jpg_start,1465568688422,ms
1,gmail,4,AttachFiles_3_jpg_finish,1465568692133,ms
1,gmail,4,AttachFiles_3_jpg_duration,3711,ms
1,gmail,4,AttachFiles_4_jpg_start,1465568692209,ms
1,gmail,4,AttachFiles_4_jpg_finish,1465568695891,ms
1,gmail,4,AttachFiles_4_jpg_duration,3682,ms
1,gmail,4,AttachFiles_5_jpg_start,1465568695946,ms
1,gmail,4,AttachFiles_5_jpg_finish,1465568699617,ms
1,gmail,4,AttachFiles_5_jpg_duration,3671,ms
1,gmail,4,Create_Send_start,1465568699636,ms
1,gmail,4,Create_Send_finish,1465568700130,ms
1,gmail,4,Create_Send_duration,494,ms
1,gmail,4,execution_time,50.7562940121,seconds
1,gmail,5,Create_newMail_start,1465568779819,ms
1,gmail,5,Create_newMail_finish,1465568780730,ms
1,gmail,5,Create_newMail_duration,911,ms
1,gmail,5,Create_To_start,1465568781493,ms
1,gmail,5,Create_To_finish,1465568785272,ms
1,gmail,5,Create_To_duration,3779,ms
1,gmail,5,Create_Subject_start,1465568785312,ms
1,gmail,5,Create_Subject_finish,1465568790223,ms
1,gmail,5,Create_Subject_duration,4911,ms
1,gmail,5,Create_Compose_start,1465568790819,ms
1,gmail,5,Create_Compose_finish,1465568794121,ms
1,gmail,5,Create_Compose_duration,3302,ms
1,gmail,5,AttachFiles_1_jpg_start,1465568794184,ms
1,gmail,5,AttachFiles_1_jpg_finish,1465568802069,ms
1,gmail,5,AttachFiles_1_jpg_duration,7885,ms
1,gmail,5,AttachFiles_2_jpg_start,1465568802128,ms
1,gmail,5,AttachFiles_2_jpg_finish,1465568805664,ms
1,gmail,5,AttachFiles_2_jpg_duration,3536,ms
1,gmail,5,AttachFiles_3_jpg_start,1465568805708,ms
1,gmail,5,AttachFiles_3_jpg_finish,1465568809341,ms
1,gmail,5,AttachFiles_3_jpg_duration,3633,ms
1,gmail,5,AttachFiles_4_jpg_start,1465568809426,ms
1,gmail,5,AttachFiles_4_jpg_finish,1465568813033,ms
1,gmail,5,AttachFiles_4_jpg_duration,3607,ms
1,gmail,5,AttachFiles_5_jpg_start,1465568813084,ms
1,gmail,5,AttachFiles_5_jpg_finish,1465568816761,ms
1,gmail,5,AttachFiles_5_jpg_duration,3677,ms
1,gmail,5,Create_Send_start,1465568816768,ms
1,gmail,5,Create_Send_finish,1465568817241,ms
1,gmail,5,Create_Send_duration,473,ms
1,gmail,5,execution_time,49.8402328491,seconds
1,gmail,6,Create_newMail_start,1465568895638,ms
1,gmail,6,Create_newMail_finish,1465568896753,ms
1,gmail,6,Create_newMail_duration,1115,ms
1,gmail,6,Create_To_start,1465568897632,ms
1,gmail,6,Create_To_finish,1465568901481,ms
1,gmail,6,Create_To_duration,3849,ms
1,gmail,6,Create_Subject_start,1465568901512,ms
1,gmail,6,Create_Subject_finish,1465568906434,ms
1,gmail,6,Create_Subject_duration,4922,ms
1,gmail,6,Create_Compose_start,1465568907022,ms
1,gmail,6,Create_Compose_finish,1465568910320,ms
1,gmail,6,Create_Compose_duration,3298,ms
1,gmail,6,AttachFiles_1_jpg_start,1465568911042,ms
1,gmail,6,AttachFiles_1_jpg_finish,1465568915801,ms
1,gmail,6,AttachFiles_1_jpg_duration,4759,ms
1,gmail,6,AttachFiles_2_jpg_start,1465568915881,ms
1,gmail,6,AttachFiles_2_jpg_finish,1465568919446,ms
1,gmail,6,AttachFiles_2_jpg_duration,3565,ms
1,gmail,6,AttachFiles_3_jpg_start,1465568919512,ms
1,gmail,6,AttachFiles_3_jpg_finish,1465568923385,ms
1,gmail,6,AttachFiles_3_jpg_duration,3873,ms
1,gmail,6,AttachFiles_4_jpg_start,1465568923486,ms
1,gmail,6,AttachFiles_4_jpg_finish,1465568927146,ms
1,gmail,6,AttachFiles_4_jpg_duration,3660,ms
1,gmail,6,AttachFiles_5_jpg_start,1465568927190,ms
1,gmail,6,AttachFiles_5_jpg_finish,1465568930998,ms
1,gmail,6,AttachFiles_5_jpg_duration,3808,ms
1,gmail,6,Create_Send_start,1465568931007,ms
1,gmail,6,Create_Send_finish,1465568931529,ms
1,gmail,6,Create_Send_duration,522,ms
1,gmail,6,execution_time,47.9049119949,seconds
1,gmail,7,Create_newMail_start,1465569009802,ms
1,gmail,7,Create_newMail_finish,1465569010901,ms
1,gmail,7,Create_newMail_duration,1099,ms
1,gmail,7,Create_To_start,1465569011835,ms
1,gmail,7,Create_To_finish,1465569015817,ms
1,gmail,7,Create_To_duration,3982,ms
1,gmail,7,Create_Subject_start,1465569015848,ms
1,gmail,7,Create_Subject_finish,1465569020752,ms
1,gmail,7,Create_Subject_duration,4904,ms
1,gmail,7,Create_Compose_start,1465569021351,ms
1,gmail,7,Create_Compose_finish,1465569024665,ms
1,gmail,7,Create_Compose_duration,3314,ms
1,gmail,7,AttachFiles_1_jpg_start,1465569025382,ms
1,gmail,7,AttachFiles_1_jpg_finish,1465569032864,ms
1,gmail,7,AttachFiles_1_jpg_duration,7482,ms
1,gmail,7,AttachFiles_2_jpg_start,1465569032905,ms
1,gmail,7,AttachFiles_2_jpg_finish,1465569036647,ms
1,gmail,7,AttachFiles_2_jpg_duration,3742,ms
1,gmail,7,AttachFiles_3_jpg_start,1465569036687,ms
1,gmail,7,AttachFiles_3_jpg_finish,1465569040419,ms
1,gmail,7,AttachFiles_3_jpg_duration,3732,ms
1,gmail,7,AttachFiles_4_jpg_start,1465569040500,ms
1,gmail,7,AttachFiles_4_jpg_finish,1465569044177,ms
1,gmail,7,AttachFiles_4_jpg_duration,3677,ms
1,gmail,7,AttachFiles_5_jpg_start,1465569044221,ms
1,gmail,7,AttachFiles_5_jpg_finish,1465569047870,ms
1,gmail,7,AttachFiles_5_jpg_duration,3649,ms
1,gmail,7,Create_Send_start,1465569047893,ms
1,gmail,7,Create_Send_finish,1465569048410,ms
1,gmail,7,Create_Send_duration,517,ms
1,gmail,7,execution_time,50.2535340786,seconds
1,gmail,8,Create_newMail_start,1465569126929,ms
1,gmail,8,Create_newMail_finish,1465569127893,ms
1,gmail,8,Create_newMail_duration,964,ms
1,gmail,8,Create_To_start,1465569128789,ms
1,gmail,8,Create_To_finish,1465569132682,ms
1,gmail,8,Create_To_duration,3893,ms
1,gmail,8,Create_Subject_start,1465569132704,ms
1,gmail,8,Create_Subject_finish,1465569137544,ms
1,gmail,8,Create_Subject_duration,4840,ms
1,gmail,8,Create_Compose_start,1465569138134,ms
1,gmail,8,Create_Compose_finish,1465569141443,ms
1,gmail,8,Create_Compose_duration,3309,ms
1,gmail,8,AttachFiles_1_jpg_start,1465569142104,ms
1,gmail,8,AttachFiles_1_jpg_finish,1465569149593,ms
1,gmail,8,AttachFiles_1_jpg_duration,7489,ms
1,gmail,8,AttachFiles_2_jpg_start,1465569149702,ms
1,gmail,8,AttachFiles_2_jpg_finish,1465569153344,ms
1,gmail,8,AttachFiles_2_jpg_duration,3642,ms
1,gmail,8,AttachFiles_3_jpg_start,1465569153389,ms
1,gmail,8,AttachFiles_3_jpg_finish,1465569157105,ms
1,gmail,8,AttachFiles_3_jpg_duration,3716,ms
1,gmail,8,AttachFiles_4_jpg_start,1465569157158,ms
1,gmail,8,AttachFiles_4_jpg_finish,1465569160728,ms
1,gmail,8,AttachFiles_4_jpg_duration,3570,ms
1,gmail,8,AttachFiles_5_jpg_start,1465569160775,ms
1,gmail,8,AttachFiles_5_jpg_finish,1465569164419,ms
1,gmail,8,AttachFiles_5_jpg_duration,3644,ms
1,gmail,8,Create_Send_start,1465569164425,ms
1,gmail,8,Create_Send_finish,1465569164861,ms
1,gmail,8,Create_Send_duration,436,ms
1,gmail,8,execution_time,50.0120751858,seconds
1,gmail,9,Create_newMail_start,1465569239580,ms
1,gmail,9,Create_newMail_finish,1465569240645,ms
1,gmail,9,Create_newMail_duration,1065,ms
1,gmail,9,Create_To_start,1465569241444,ms
1,gmail,9,Create_To_finish,1465569245283,ms
1,gmail,9,Create_To_duration,3839,ms
1,gmail,9,Create_Subject_start,1465569245296,ms
1,gmail,9,Create_Subject_finish,1465569250191,ms
1,gmail,9,Create_Subject_duration,4895,ms
1,gmail,9,Create_Compose_start,1465569250780,ms
1,gmail,9,Create_Compose_finish,1465569254099,ms
1,gmail,9,Create_Compose_duration,3319,ms
1,gmail,9,AttachFiles_1_jpg_start,1465569254768,ms
1,gmail,9,AttachFiles_1_jpg_finish,1465569259721,ms
1,gmail,9,AttachFiles_1_jpg_duration,4953,ms
1,gmail,9,AttachFiles_2_jpg_start,1465569259775,ms
1,gmail,9,AttachFiles_2_jpg_finish,1465569263375,ms
1,gmail,9,AttachFiles_2_jpg_duration,3600,ms
1,gmail,9,AttachFiles_3_jpg_start,1465569263419,ms
1,gmail,9,AttachFiles_3_jpg_finish,1465569267047,ms
1,gmail,9,AttachFiles_3_jpg_duration,3628,ms
1,gmail,9,AttachFiles_4_jpg_start,1465569267110,ms
1,gmail,9,AttachFiles_4_jpg_finish,1465569270882,ms
1,gmail,9,AttachFiles_4_jpg_duration,3772,ms
1,gmail,9,AttachFiles_5_jpg_start,1465569270937,ms
1,gmail,9,AttachFiles_5_jpg_finish,1465569274534,ms
1,gmail,9,AttachFiles_5_jpg_duration,3597,ms
1,gmail,9,Create_Send_start,1465569274541,ms
1,gmail,9,Create_Send_finish,1465569275109,ms
1,gmail,9,Create_Send_duration,568,ms
1,gmail,9,execution_time,47.3324739933,seconds
1,gmail,10,Create_newMail_start,1465569349352,ms
1,gmail,10,Create_newMail_finish,1465569350387,ms
1,gmail,10,Create_newMail_duration,1035,ms
1,gmail,10,Create_To_start,1465569351261,ms
1,gmail,10,Create_To_finish,1465569355209,ms
1,gmail,10,Create_To_duration,3948,ms
1,gmail,10,Create_Subject_start,1465569355276,ms
1,gmail,10,Create_Subject_finish,1465569360132,ms
1,gmail,10,Create_Subject_duration,4856,ms
1,gmail,10,Create_Compose_start,1465569360715,ms
1,gmail,10,Create_Compose_finish,1465569363995,ms
1,gmail,10,Create_Compose_duration,3280,ms
1,gmail,10,AttachFiles_1_jpg_start,1465569364060,ms
1,gmail,10,AttachFiles_1_jpg_finish,1465569372136,ms
1,gmail,10,AttachFiles_1_jpg_duration,8076,ms
1,gmail,10,AttachFiles_2_jpg_start,1465569372176,ms
1,gmail,10,AttachFiles_2_jpg_finish,1465569375781,ms
1,gmail,10,AttachFiles_2_jpg_duration,3605,ms
1,gmail,10,AttachFiles_3_jpg_start,1465569375826,ms
1,gmail,10,AttachFiles_3_jpg_finish,1465569379528,ms
1,gmail,10,AttachFiles_3_jpg_duration,3702,ms
1,gmail,10,AttachFiles_4_jpg_start,1465569379582,ms
1,gmail,10,AttachFiles_4_jpg_finish,1465569383068,ms
1,gmail,10,AttachFiles_4_jpg_duration,3486,ms
1,gmail,10,AttachFiles_5_jpg_start,1465569383114,ms
1,gmail,10,AttachFiles_5_jpg_finish,1465569386860,ms
1,gmail,10,AttachFiles_5_jpg_duration,3746,ms
1,gmail,10,Create_Send_start,1465569386867,ms
1,gmail,10,Create_Send_finish,1465569387382,ms
1,gmail,10,Create_Send_duration,515,ms
1,gmail,10,execution_time,50.0760369301,seconds
